participant_id,r1,r2,r3
subject600,0.28286644946565964,0.15742759972152964,0.36872166506776116
subject601,0.7807997115315184,0.818061762750636,0.10051870212073388
subject602,0.5256886485423529,0.5938834345662624,0.8041184150686883
subject603,0.7339152764879452,0.19120215211641078,0.06894767572060556
subject604,0.6420007825267039,0.6112167534460715,0.7196284906944568
subject605,0.18613518224157954,0.3943296917367327,0.4185654463385242
subject606,0.16790349705597796,0.9794703355156007,0.7078101305636502
subject607,0.5383881255403695,0.5701246068845771,0.6121410632833616
subject608,0.3645373281750649,0.8446158663320097,0.20214484299922308
subject609,0.10133113608958122,0.7970886110911146,0.1438879247707433
subject610,0.8117239655654755,0.7203001028568689,0.45100265249629967
subject611,0.49530465862449224,0.4171896891926742,0.6233605129709776
subject612,0.6346410477730438,0.49417087904023904,0.7625124657778913
subject613,0.31835014464600686,0.24733719555802336,0.4656736504644261
subject614,0.7713153401868713,0.9116924790886105,0.4498302971686877
subject615,0.08524962305112982,0.23722134939712536,0.6399406363730916
subject616,0.4365071654431525,0.11858111510326019,0.28173301582238974
subject617,0.31693311885017494,0.5329785760883325,0.5633016677573496
subject618,0.30645083342134183,0.7863251602127015,0.3661374177386032
subject619,0.9910762856025968,0.3669603896223216,0.651300211543116
subject620,0.8968917614605743,0.9678787538639316,0.3437579904500875
subject621,0.18496098834856733,8.872158408135267e-05,0.751498270620788
subject622,0.9276694510182146,0.418451612444115,0.05952663542866776
subject623,0.36191013842103203,0.06566441651701427,0.019069482416381067
subject624,0.3840450771822602,0.4149500842683622,0.3412338064517255
subject625,0.7086343570994565,0.31662002921929633,0.12100497714042202
subject626,0.688152258592198,0.23194167402570998,0.17055407442545167
subject627,0.7185410414291331,0.6430092877732506,0.4697744556963387
subject628,0.850978669085585,0.21123751763615983,0.12053216614644224
subject629,0.5262841558170698,0.8581434126849489,0.9643220442713863
subject630,0.9100031784928507,0.8225583092849504,0.7987575143802152
subject631,0.8251221840312967,0.8618869581510692,0.006242361451639922
subject632,0.08587490444653034,0.8469860104436009,0.32977024742110583
subject633,0.6133407211486538,0.8379741840361769,0.6704561199871982
subject634,0.2627542281244105,0.13902246698553467,0.7466418097079608
subject635,0.36099791381208746,0.669005350191861,0.3333069168892624
subject636,0.022982307629519805,0.03991511952964166,0.967408957897701
subject637,0.04831759032707217,0.6063675191067556,0.02341807660177353
subject638,0.7852257699857954,0.5775948028836123,0.3651498293844222
subject639,0.2311752757719886,0.6215637127343535,0.41479738976421043
subject640,0.8936213137623567,0.39529696433570594,0.772948615030904
subject641,0.6570510821074611,0.20632285878752388,0.7737665616565457
subject642,0.6145964559194778,0.8556509804932887,0.37302387866430775
subject643,0.8576881805037263,0.7096836196279649,0.039293624738559796
subject644,0.4839346873497621,0.17964902983058118,0.5292160917273281
subject645,0.8032061286417751,0.6002856658116087,0.8845544208448085
subject646,0.3917868294042194,0.6993693890353967,0.2491302171956864
subject647,0.47212930378567786,0.031650202251295,0.7661819465921254
subject648,0.9252457901265769,0.666343354922159,0.08585953336168373
subject649,0.34008983011102367,0.8454969962021339,0.39260787623809745
subject650,0.5160160953501214,0.3824497799845066,0.853168863155782
subject651,0.8445777541988226,0.9386932037242552,0.8582916501376997
subject652,0.9176958628942439,0.6283557833709066,0.6920877738122102
subject653,0.7290439455451834,0.32769075795624736,0.9581632875605208
subject654,0.011922236288676502,0.22398090959701766,0.5865044270319221
subject655,0.3347694966144147,0.019406214965989266,0.332369552650269
subject656,0.9932911500420126,0.7496984854447618,0.2050721597385312
subject657,0.6369850653046063,0.2630872451962245,0.9917720642412383
subject658,0.1853808647396098,0.9965374016960566,0.9342280575593543
subject659,0.09642500383895991,0.00920050328868427,0.4621195494789504
subject660,0.06537724389572841,0.9879586416220064,0.7165832620836549
subject661,0.3741529686651588,0.639293363783865,0.14403429538120371
subject662,0.12118280894942612,0.9197641566812876,0.9088862207462446
subject663,0.2533051178864605,0.6957096494165219,0.1811041974051203
subject664,0.4468507359093624,0.3187695522188252,0.06245891480186294
subject665,0.1364855422999851,0.8667059162689318,0.48068059529828944
subject666,0.07071150731550935,0.866460176124373,0.860469437537683
subject667,0.711580779688046,0.534600820258484,0.42554582322835965
subject668,0.3992987412194844,0.4752983682238707,0.9191067962879325
subject669,0.4239690707621525,0.5368890121149797,0.9211894949426404
subject670,0.4174510337893601,0.4401982702353432,0.37326874955466094
subject671,0.8619195395283822,0.3649264749259782,0.13279330489288
subject672,0.3641259949982626,0.3731506139620371,0.3140114718564019
subject673,0.4768518567339428,0.9764938341685941,0.4471586830673756
subject674,0.6678566217338291,0.026261697979460985,0.17817267610570942
subject675,0.27659577292678506,0.01294619018841403,0.6138138374003711
subject676,0.48000464491558625,0.410302086626687,0.8861471155885602
subject677,0.5445467722638105,0.662072374707549,0.024390679227788037
subject678,0.6038616073766473,0.9182162763346033,0.28167263617355864
subject679,0.4019238795510357,0.8263121361672757,0.10367153378786831
subject680,0.5061938530497835,0.01623434030529447,0.7460675132820548
subject681,0.32804059867513646,0.10698947116408608,0.7036380504664156
subject682,0.2715083388968015,0.5146622569115641,0.010584836962003186
subject683,0.30130293811229725,0.27138620420595305,0.8566356039611862
subject684,0.7264435086839919,0.8081041119320608,0.12319913450209286
subject685,0.4907639546877962,0.8102106468555831,0.5747547331805377
subject686,0.34971603727615397,0.637848915382664,0.24464560140931935
subject687,0.09482809198920794,0.7459459721008104,0.5120904550242786
subject688,0.3065177938244189,0.5526748869014901,0.026911022570310972
subject689,0.8677717227972384,0.7712214159063008,0.4559116051505975
subject690,0.46162475728482255,0.2841649979748404,0.3683422322015124
subject691,0.4520953979736291,0.4800495375600058,0.11048639795566462
subject692,0.9377945438290544,0.6628729080252457,0.5400628710667368
subject693,0.5199855410550053,0.7490726066237149,0.8766976287881487
subject694,0.39739670208424627,0.7899958843200934,0.4239529844463612
subject695,0.7400970160733018,0.2969551202616456,0.08383379040370154
subject696,0.22558534021642418,0.47846259861772633,0.9345140209454922
subject697,0.27286571209567934,0.003036191508291264,0.28815630573272466
subject698,0.47679819883590413,0.2395958430271138,0.5050320566247071
subject699,0.07665162729616481,0.8116880498795379,0.04093819253339315
subject700,0.7019152700391404,0.5236963036916971,0.24509571480630876
subject701,0.3199721956804005,0.6184723526104934,0.6867269914395886
subject702,0.19099650271239843,0.16422792029460687,0.031057862559016325
subject703,0.32629977390781173,0.16613821993884725,0.2592199701161302
subject704,0.9006420918675327,0.8696044872841739,0.8863189050656485
subject705,0.6799154428039951,0.030795413371712543,0.0004761730568703104
subject706,0.9782787867950082,0.5054553114997945,0.27634530878211605
subject707,0.974548408967902,0.567407331035336,0.6620325449845049
subject708,0.3616991944572078,0.2182254391462627,0.6320409658640073
subject709,0.38942315621486623,0.9704849808240142,0.8458357705557015
subject710,0.9754407437431029,0.9105847904781231,0.549137746817284
subject711,0.8460797658493805,0.6624134789996052,0.2420777699035841
subject712,0.9882232413437386,0.49830485281959735,0.9252432861205131
subject713,0.11020334861170078,0.5125790179034189,0.8656153234102928
subject714,0.5725258689157854,0.032672162474572386,0.636764309191167
subject715,0.010145452241242636,0.13610322038710176,0.9232909535587465
subject716,0.3883076947569015,0.618542461026945,0.9609869190266632
subject717,0.3528009611958822,0.7927560056194921,0.22231679442779173
subject718,0.705401662010694,0.5520616110469097,0.9902771679517428
subject719,0.6817894436747975,0.48501305188733357,0.6911733415627408
subject720,0.7147738646640528,0.7227791130336293,0.1851774267873918
subject721,0.4660304087075129,0.6317539447789641,0.461452012732945
subject722,0.09669682092817022,0.07790918295156868,0.7626369113954398
subject723,0.7441258945900059,0.8474959753871638,0.26984381380519584
subject724,0.4800938834847487,0.05604870666154005,0.660063717018502
subject725,0.03128709271204044,0.9226949649199183,0.766602614184277
subject726,0.022317057894342684,0.9725773638947632,0.8338092047144028
subject727,0.9800057673284425,0.5792268826426143,0.41112396166383447
subject728,0.3571161011283909,0.9662601701284165,0.07181646241908501
subject729,0.16760722392822236,0.8604407863089825,0.13625963616224146
subject730,0.6992089547093363,0.8575670628862544,0.07393981050855047
subject731,0.4533867749889572,0.7728581835292228,0.47880893037837846
subject732,0.013710612212226136,0.20481627390325086,0.610283710873541
subject733,0.0049929839658798825,0.10966712636834142,0.21828642712679136
subject734,0.0018554651118390941,0.6811424907600621,0.5070735240496248
subject735,0.9240824247546414,0.3151620658489367,0.1270840417115925
subject736,0.0931524050289817,0.9259246857976323,0.19192404377867955
subject737,0.3508263898695896,0.36842978682673144,0.03851476675590493
subject738,0.46461100071426464,0.3361246052626291,0.5053254822608526
subject739,0.24742323705740366,0.3953582329049993,0.03121991370040611
subject740,0.9220210181057531,0.2447716624317854,0.6933744925384593
subject741,0.9737558443211545,0.14619200092467466,0.4591731693123057
subject742,0.23862590164820285,0.5915533761492542,0.41835541311009783
subject743,0.03829040368941927,0.7536379304778227,0.9344347632715571
subject744,0.3342250456369127,0.05646103762606769,0.8170323332775111
subject745,0.08750624304247268,0.44751423507312715,0.8098540997565868
subject746,0.6547130569456432,0.18090977904819194,0.10255324087130935
subject747,0.75567104838562,0.3551387224073629,0.050881222887502076
subject748,0.2742937054213319,0.48186272902563,0.4849118969456758
subject749,0.7381023300875099,0.7611004497033563,0.5925523303103958
subject750,0.6940987952781779,0.4669883691812976,0.8410128746853288
subject751,0.3827110845056242,0.39936828177146877,0.7905244600358393
subject752,0.5300078341732171,0.020392166740791362,0.8557465761139539
subject753,0.8753937818644443,0.7133970763891363,0.48300917941489885
subject754,0.8198352486599405,0.5867645799038141,0.3407805086408636
subject755,0.7987567051966655,0.7212343423257607,0.18176884951988315
subject756,0.6995327488168577,0.5327169181396963,0.23234316224146345
subject757,0.08475490428790877,0.4844873267451053,0.6788493822063507
subject758,0.06333569299290609,0.5519600158025638,0.8615175584718446
subject759,0.8812849097141847,0.6069935802402776,0.8372995192863316
subject760,0.10040022033992035,0.4914295500886062,0.44912939814328545
subject761,0.6797110416151918,0.8621404517429714,0.20839987612434097
subject762,0.8332966334906616,0.10368782793612841,0.12387034701822175
subject763,0.7954265779474354,0.578151352066665,0.08191502063005807
subject764,0.024238825579538936,0.32681476081584504,0.07057610898351507
subject765,0.021334085598794128,0.653041756801883,0.6574444750069106
subject766,0.32083665549947316,0.6363955906300858,0.5210101402628984
subject767,0.3924147580530055,0.17419367819107134,0.8147809762387467
subject768,0.2971175095187396,0.2806495947675608,0.15497765323858392
subject769,0.47906369860454057,0.8535271098904852,0.8897506644980588
subject770,0.9131700716951348,0.06741562082873542,0.42654106111803924
subject771,0.4810402101456198,0.05016306185230024,0.8500356116434584
subject772,0.4004300700783584,0.24226982635939287,0.9906228938555949
subject773,0.8758575423147837,0.1770061027062163,0.34334972025217103
subject774,0.028080186456183487,0.7294040533299777,0.9832417519111177
subject775,0.5647417255678348,0.28012956150516466,0.2985127610572529
subject776,0.2023749026273559,0.1685842960922288,0.38444499413795186
subject777,0.784753841673109,0.07921839049753554,0.2286307895219607
subject778,0.8433849752290579,0.6817647355688113,0.11767605119424318
subject779,0.24683599108292897,0.7501950835554717,0.6727591506801469
subject780,0.5406226681367285,0.3684653649621007,0.5742755398430563
subject781,0.22862695241896913,0.2688277191761286,0.23098249990228903
subject782,0.7722192238638954,0.8933332065100835,0.39049474757099734
subject783,0.8561304520549757,0.31944064491439716,0.6290544510575338
subject784,0.38531663852086484,0.742479933480918,0.5536154640811869
subject785,0.2809357810725558,0.8913093429175228,0.5081627150012299
subject786,0.2996760541463236,0.07883823021130942,0.6302155681673992
subject787,0.5190094727718241,0.48321052239868245,0.5375014188367676
subject788,0.4935106968327513,0.6637837064570304,0.0763095439820829
subject789,0.6952760695729521,0.8383556430823821,0.908091735611664
subject790,0.08334893590573245,0.5152661543361404,0.2463936163703936
subject791,0.9658437855108052,0.46507660104558624,0.9694021840795679
subject792,0.7225538705504522,0.16527835634244792,0.26474260339948097
subject793,0.40323910327993095,0.16295321746919378,0.823945022657696
subject794,0.5013204429061304,0.5693832773486347,0.8099023778038325
subject795,0.4920086760496122,0.5818336436441204,0.7936859781041126
subject796,0.015899692486515904,0.9874219802850447,0.16682197804845667
subject797,0.9477230759972409,0.6772779040895457,0.6384670278014539
subject798,0.5806116589959125,0.6798732221022269,0.33121230851534134
subject799,0.9648818153562971,0.7019205614664802,0.9768609132385835
subject800,0.08142915793607441,0.970090534516175,0.9979044046216087
subject801,0.6788376083775418,0.9586211832739997,0.30066933849049216
subject802,0.9837778908484064,0.09679280275283586,0.2972475618847127
subject803,0.7325064445813209,0.2352024638171203,0.2234727958045618
subject804,0.61651011364848,0.5380158804924383,0.9728608564066134
subject805,0.7646287753677048,0.7580460353130768,0.2669045439496597
subject806,0.4847213029083346,0.8227516904269442,0.11694478677103737
subject807,0.6253683790711102,0.2848440099915037,0.33174852752118733
subject808,0.6046899433405615,0.765627989971184,0.8695193010753901
subject809,0.30402189125316137,0.45576700784946145,0.7433108939208505
subject810,0.6717216629093119,0.4527550324761025,0.1738840646301837
subject811,0.44467289100716234,0.1475360548479463,0.3902895866998186
subject812,0.9550760305794246,0.00289671031947758,0.31000357492112807
subject813,0.36443127372827167,0.41133589811233295,0.04336634518414817
subject814,0.571273873125827,0.8321505651634031,0.19360100860617746
subject815,0.5543350048744314,0.8201583281656611,0.5833681897698255
subject816,0.9637801197550427,0.8177506853893634,0.2920116440766014
subject817,0.31147989936314713,0.19428539023686253,0.31356837890396616
subject818,0.2554326427721737,0.3014828730982668,0.7608238439604579
subject819,0.5258728171301561,0.6858771620104556,0.6579519737757555
subject820,0.5602678723895028,0.8183636289205825,0.4000222124538517
subject821,0.8271965266390909,0.34871483510941237,0.5291852012003387
subject822,0.3353726662208748,0.0595197958799788,0.9140716298653513
subject823,0.24245671532735957,0.05264677851214117,0.7996681041044043
subject824,0.4015660591371778,0.5032599623389232,0.5890882136753383
subject825,0.11142124102685591,0.030136141613969714,0.5983431076077311
subject826,0.28904208244137386,0.4409892843585733,0.7065841434769858
subject827,0.5253262175307651,0.4728445298705415,0.26848255780724695
subject828,0.3955249653735178,0.09802446807234555,0.5723209427460911
subject829,0.06749691966443383,0.8127990415001017,0.3373101378536367
subject830,0.14014366495096164,0.4982130546348721,0.08846525531765026
subject831,0.37877654844920794,0.7573164868812426,0.662441052592636
subject832,0.218365605371021,0.20235825118963036,0.26287394823278354
subject833,0.8526709566798044,0.5042811526164334,0.3441001397047677
subject834,0.43452999921760804,0.11648298287842895,0.7903738815563995
subject835,0.41204184720557524,0.7803286659542352,0.5341501771646314
subject836,0.7090610399873253,0.6962357983871629,0.14983489049837484
subject837,0.6160315054496973,0.21051041117959945,0.1524190825770383
subject838,0.8096340021289876,0.3509356554040538,0.7566347331492946
subject839,0.9311383609787223,0.9103517351835425,0.35463175695476357
subject840,0.16984507734039833,0.3627993063477135,0.8948779321013637
subject841,0.09457535413511708,0.0787463110451232,0.4615628167289383
subject842,0.6385760426350886,0.0799853779276185,0.3386816690465356
subject843,0.7374299027735561,0.705967499207508,0.9341556270962283
subject844,0.8013902105943053,0.13521324226578058,0.5163912992931945
subject845,0.43842837898586784,0.09792521039999791,0.8157914085597768
subject846,0.6830074007507972,0.23479263127798222,0.6260580142620682
subject847,0.4110621835949496,0.5944472328517524,0.04394622877975529
subject848,0.13827109333851673,0.28933212550971843,0.5574141305550518
subject849,0.4549251699385217,0.2293950448527705,0.8154052648774522
subject850,0.8737987595933048,0.5044813293944302,0.8933928390574088
subject851,0.9546711533778545,0.004746963813510918,0.06325976603651406
subject852,0.6152292049739798,0.44745324301682,0.898332448677062
subject853,0.22013780508899716,0.3238314734496721,0.8236712187695155
subject854,0.8281567153752604,0.6701851835181889,0.205523212531321
subject855,0.2534216747258311,0.3844395771406578,0.5442973490889236
subject856,0.7892007252557856,0.4600659658143418,0.5111831427504627
subject857,0.8692720766508161,0.24116939673851678,0.5911807428489569
subject858,0.46502728694702056,0.9318560664922672,0.24909828711163517
subject859,0.9288168032942632,0.9513508690831123,0.41911842775260544
subject860,0.5847517995265754,0.5465094095018885,0.3628846270448425
subject861,0.9887105407554249,0.6132564561336235,0.3646027513985126
subject862,0.25430339816201963,0.9652035928972968,0.5510001599884309
subject863,0.2426467341884967,0.7854419766310643,0.5607545759808917
subject864,0.5758425767400668,0.7999085252833567,0.9523178615511664
subject865,0.5522629814190017,0.16510237491084956,0.6284434075786766
subject866,0.8217299472741196,0.7053560872413457,0.5413328589957412
subject867,0.9275322780795207,0.13005542968323391,0.8765863136268965
subject868,0.8064456434608869,0.6118825892985758,0.3777074292793262
subject869,0.8727966493145467,0.06621153123136725,0.18363713400932213
subject870,0.7453481129964881,0.30489845676255833,0.5655484417072988
subject871,0.7613722742053114,0.35041611406124595,0.3660182963334344
subject872,0.6977501512521819,0.3460007186479881,0.2826306598501289
subject873,0.4632135893394901,0.3952258383967733,0.6447522797941871
subject874,0.3202759018255028,0.9469774544433618,0.2601668437025665
subject875,0.584945324509484,0.5218719490772603,0.49197425835739206
subject876,0.987983726392872,0.6473968647534578,0.23189136573985825
subject877,0.5034312057782621,0.6856736986575762,0.34215068511776403
subject878,0.9121080262140232,0.633539954782909,0.8507412093087002
subject879,0.14902969680994027,0.7189408528447907,0.8882537218891376
subject880,0.847088254333645,0.02134425629359238,0.8164256279386284
subject881,0.7527816034553452,0.5919692804275107,0.030636047873006
subject882,0.47277332294131147,0.5632935086954811,0.4182072110143332
subject883,0.2722793144731498,0.09951868850479961,0.9726380481310071
subject884,0.7771505425756108,0.9873574232324673,0.03042558623948699
subject885,0.9574118553881321,0.40164771915015995,0.18955804772893203
subject886,0.20778307720655564,0.8801295291002729,0.9562103792461537
subject887,0.5984269507841881,0.7326842825718155,0.8143870051805725
subject888,0.06126614236566985,0.6268282230830872,0.34866825371640986
subject889,0.05482853867764015,0.7492612551805038,0.9269396338692635
subject890,0.19832322435573935,0.5010759710958096,0.9553854981937249
subject891,0.22567657264860175,0.07942168076834233,0.020553475567080315
subject892,0.8698446177787093,0.08098110674814463,0.5508673848030339
subject893,0.8042516327733944,0.5940465736647222,0.7583322918859591
subject894,0.3161455235001853,0.23168849172808204,0.46227270750734095
subject895,0.5662990716003082,0.4022278121718347,0.0843314982470692
subject896,0.669368757715585,0.4094414423709267,0.35474863178974225
subject897,0.004246755824923731,0.5273681098258042,0.581219625731851
subject898,0.549240182503161,0.04749758232469847,0.5883735199996886
subject899,0.49379171439606906,0.2622110709166605,0.6454276439830454
subject900,0.01624800089955747,0.3335492803095329,0.8477801578968875
subject901,0.6472010119689909,0.15104517337641965,0.28073288093739945
subject902,0.18358092135191806,0.34838209518472707,0.9650110493590096
subject903,0.6282101368793158,0.4918951322990065,0.42105377260258336
subject904,0.5847853008474704,0.31584708708663833,0.7870353496863229
subject905,0.4190029424381967,0.24373774391106084,0.5461054397184919
subject906,0.6086819797411076,0.5861230897011416,0.7113961349250211
subject907,0.24333041863535187,0.19490396366489937,0.917595994375238
subject908,0.3606562560084138,0.9312587670643084,0.5803420282889248
subject909,0.6816913676047421,0.866429831909762,0.09768439182533895
subject910,0.3677741092089635,0.9266645779096432,0.2784848983079554
subject911,0.9003143458028526,0.2898322823833438,0.5460602283054166
subject912,0.19140439455592673,0.8442361175559633,0.3682095795438137
subject913,0.3586618482059899,0.7978493024068973,0.8784290411649707
subject914,0.7163493940599952,0.009172036758900548,0.9297029655873085
subject915,0.37178805154000616,0.27246252056434617,0.4764897908535607
subject916,0.03513030238940851,0.08617942913948562,0.6298737070497993
subject917,0.5601804322986088,0.5589930465351625,0.789439254117482
subject918,0.7947669226609878,0.25037042854206126,0.005346734706755951
subject919,0.5244746275087842,0.7062245124639717,0.7898138989020891
subject920,0.40336951564651247,0.10328918381287822,0.21074034357030635
subject921,0.8728156797919606,0.9923401777352614,0.9390386628412835
subject922,0.21212792561577487,0.6846041085573362,0.2588910947206361
subject923,0.24054568341038984,0.655305585199103,0.980554321652532
subject924,0.8118959612710934,0.22712371918054364,0.49174442400554685
subject925,0.08801121586901328,0.019278797983651286,0.1802167952145629
subject926,0.5162660898688715,0.8393716453221777,0.16605540718485456
subject927,0.21748575645903967,0.7155397463691104,0.9313185955688376
subject928,0.2162416332390813,0.08695326886738142,0.5327331473476202
subject929,0.09934166621019758,0.7216358593428973,0.6234451794505478
subject930,0.15381629030022026,0.8309379182464408,0.8323332938486265
subject931,0.1413373676546904,0.9373797873063799,0.21681177713564082
subject932,0.5394381191410341,0.37911802764184577,0.2753093770812046
subject933,0.20098031762701307,0.9042940705895417,0.37914874584984926
subject934,0.8423638496347842,0.29173822154491047,0.5724950636224869
subject935,0.7631865042272059,0.2968724269526217,0.5562777038438701
subject936,0.3217823426266466,0.5517890012672697,0.1917045670837385
subject937,0.19406728801190154,0.7679194722306607,0.7809407314032658
subject938,0.9423251696404228,0.17438149656375967,0.912177755787122
subject939,0.7303879170558101,0.7370962792451573,0.36415004599745837
subject940,0.35719349368822295,0.29276076005423,0.9927295488292471
subject941,0.9418042858296127,0.4378008909254161,0.4356190379871966
subject942,0.9944600319943778,0.6393618270187386,0.007316875475424589
subject943,0.01821154296971428,0.45262345016058714,0.9877297444201728
subject944,0.160467197381162,0.963092803088343,0.12840330483795803
subject945,0.06812108063517608,0.0007445970591275497,0.3695714732222064
subject946,0.9462272595270725,0.172778761558934,0.042643087909281396
subject947,0.5921653315532116,0.5782208173834793,0.1890721363665563
subject948,0.9209017753728453,0.6371557353273449,0.520077217483266
subject949,0.4623280822586996,0.6985267242840103,0.9759077773179952
subject950,0.40902972133008053,0.3489957196018699,0.9186781377173134
subject951,0.9480549938647905,0.0052730348010036066,0.1467873986237922
subject952,0.6042190495180234,0.28507072514407905,0.6708671491894078
subject953,0.11856804957051414,0.5542868055038974,0.31974093677714344
subject954,0.12013661573111889,0.5480926766117887,0.8239188705137035
subject955,0.188825898759166,0.06080714282273503,0.227374990066896
subject956,0.4119430932417155,0.5151180901697076,0.22789203466425845
subject957,0.7604754663292761,0.025701917142954556,0.33910671906089773
subject958,0.7255544008788687,0.28813632071961215,0.582567752158416
subject959,0.6769230682715309,0.5182370993998963,0.7746692379585087
subject960,0.32072489487689915,0.7081542784704762,0.5898521931378525
subject961,0.19336680993303357,0.2746871202950155,0.512951306479105
subject962,0.7508613161594061,0.24395377864706047,0.20236059808849594
subject963,0.945203738065296,0.8873160782731233,0.86567122563294
subject964,0.3890453808843587,0.03993078297280761,0.6109317610750479
subject965,0.9019832005604698,0.13837180918605363,0.4223314074365524
subject966,0.27314607800844315,0.023911242752261863,0.8237990559177775
subject967,0.6169431517448911,0.18293625491563248,0.9776157391141821
subject968,0.3558452397243711,0.16587840279051813,0.5947116725255817
subject969,0.6279750872632959,0.24188378961629575,0.034139628276990464
subject970,0.5666970309647438,0.07694612258487221,0.27905462644398116
subject971,0.6105185242559352,0.6384778234175343,0.7299256644650852
subject972,0.2603290588125373,0.9054183447374083,0.3407830450363646
subject973,0.45397646549859816,0.8100815746226656,0.9079978103873803
subject974,0.0211245556664742,0.47423364572824234,0.29819062032428123
subject975,0.5916225289777286,0.8866156460763581,0.3593520558060208
subject976,0.022000538953029336,0.6880932212394534,0.38764393858815493
subject977,0.5593908500992884,0.04327665628529165,0.9800604650012401
subject978,0.7087651503160646,0.15922890387500432,0.43045521542515464
subject979,0.2801633011051319,0.3283782645723078,0.8410506562437196
subject980,0.961542830570921,0.9446674162736095,0.3906877168084475
subject981,0.1600013781870787,0.289223504312363,0.4575904587995635
subject982,0.9504693848639575,0.4105848374665171,0.3555237411632315
subject983,0.9803759394674134,0.7920702601293664,0.37970856749784554
subject984,0.7397190212324711,0.5605084751789805,0.7640492310275007
subject985,0.9331199176561235,0.493945816587966,0.575455327784324
subject986,0.816299112437549,0.3054446331832633,0.5650172803937588
subject987,0.24011656310930163,0.6411849494298288,0.13461273249551053
subject988,0.36648994981121763,0.54601205171513,0.16950383513472833
subject989,0.4606135849880768,0.9687859516043857,0.9499119312917315
subject990,0.011362018152575759,0.8252640300157059,0.013019622707566736
subject991,0.8312200905077366,0.9997324680563524,0.9273862280738284
subject992,0.15165838869212545,0.3133338568557743,0.3571670952419588
subject993,0.2590618354546559,0.6963934110965133,0.4099620221413962
subject994,0.7733388141680372,0.25063472605498516,0.10087185391902664
subject995,0.4165792312019704,0.1440838318480212,0.11195374276724479
subject996,0.9209479214083295,0.5800156378188447,0.7049778571932058
subject997,0.2219081416200296,0.6298138895365876,0.773635495234973
subject998,0.47140286667138287,0.8332932671882637,0.11432410222588785
subject999,0.5798958422598659,0.5506652326957338,0.8816904350762106
subject1000,0.7135505815890467,0.49566549986007125,0.6133943108739106
subject1001,0.5760086922771808,0.9064180711074956,0.9358739884656787
subject1002,0.06446820026800659,0.9407710586893805,0.75433501427192
subject1003,0.18915073346353162,0.3702054207026447,0.5712567458983826
subject1004,0.07176797085392217,0.2131116640759495,0.9905577718630673
subject1005,0.7160866261556671,0.08488221311605193,0.15283480085718926
subject1006,0.27152921053922596,0.19914141175332578,0.711388384274236
subject1007,0.17002758976831878,0.8796420040795804,0.22395436499234345
subject1008,0.1448145501249477,0.015248786740630349,0.9788635200620858
subject1009,0.08213006723063432,0.08901611231753637,0.3062351824143863
subject1010,0.6758762658673361,0.35431141860921067,0.21516277600803635
subject1011,0.6202495584262364,0.6125963000676247,0.12811558892306696
subject1012,0.31667226504440715,0.987270192875176,0.9415493699876609
subject1013,0.60060959388733,0.2860022005430226,0.7952205832815273
subject1014,0.2561899665292907,0.515544165451384,0.6857906686527858
subject1015,0.8429246787295505,0.9221587723966117,0.37763502641195357
subject1016,0.6850150930489118,0.47028449889057633,0.6196612373381579
subject1017,0.8061189635956431,0.5690599683846461,0.5134967504974778
subject1018,0.20213159861538776,0.03362866103240181,0.33772022130512747
subject1019,0.737583136266261,0.1394575137751134,0.1749923537970398
subject1020,0.774162939742116,0.3038611117682015,0.7321105524124085
subject1021,0.4736262043214883,0.10477347899970535,0.19867753794019627
subject1022,0.7492972716647135,0.49800261902284715,0.6999714012436711
subject1023,0.7279873902756956,0.8586848310583692,0.45069634784610013
subject1024,0.7423343950218626,0.9902130142761401,0.2858837118508515
subject1025,0.12293485316973773,0.7426350761655003,0.26084392992495586
subject1026,0.12054798138100198,0.5912471914686755,0.5852062851279849
subject1027,0.9950715945980748,0.5889323246680148,0.468026324053476
subject1028,0.5990232974798211,0.11629828201893633,0.9615382975857508
subject1029,0.321255562789164,0.5720688050986656,0.820614088345432
subject1030,0.24906543066495235,0.11768047289335914,0.3849151702924608
subject1031,0.8366495146032827,0.23513786344438403,0.15361946713969465
subject1032,0.23883489837988858,0.751507260581167,0.8674514222789232
subject1033,0.35907964537944437,0.4483474872064962,0.3161006200811771
subject1034,0.15544077280510193,0.1568928714505411,0.8919250950810224
subject1035,0.6740032663135996,0.9274138938227171,0.4323851642729978
subject1036,0.949391158995594,0.49894424118573255,0.7224428346156333
subject1037,0.3298427506513091,0.4932411402215163,0.9435369416548103
subject1038,0.2807414643205204,0.5971399704793244,0.4334713658845962
subject1039,0.701789344147175,0.8501451306980633,0.5923908508480811
subject1040,0.7757605712167299,0.05042715397870612,0.926126682188487
subject1041,0.8224117073734347,0.28450537325998027,0.8613368012420005
subject1042,0.7689899716022007,0.11507677624631307,0.7821622273711786
subject1043,0.8471518650233032,0.7600343244913045,0.7020778494943046
subject1044,0.27479540606336594,0.7828236925655593,0.34599082609148635
subject1045,0.4404421938181683,0.3329611489820238,0.0038410172826930378
subject1046,0.02035248356801911,0.9423534869544183,0.4935768047166733
subject1047,0.57822386931424,0.27100143242289365,0.23830570050337863
subject1048,0.3505680641525617,0.4658232222581319,0.22951600581947507
subject1049,0.9088584033646198,0.5333624536856872,0.9956766494738221
subject1050,0.17006757355605873,0.3699164162597043,0.9695291508406326
subject1051,0.3844419489690388,0.978059802202998,0.8950888141127644
subject1052,0.749244094816764,0.2932009781306042,0.8598633334697785
subject1053,0.003659365839847273,0.6617895254653021,0.6260647798531664
subject1054,0.3897692844357469,0.8850315554787391,0.7953855771848346
subject1055,0.7447337297379416,0.7721271193275454,0.3275903195818114
subject1056,0.25036962517045414,0.8031050594260356,0.2810193619493304
subject1057,0.6825794506185368,0.5349541044968099,0.2810557687990858
subject1058,0.6334432380634519,0.03454982367926229,0.12468778486844667
subject1059,0.27125519539622256,0.1458074032099922,0.3534312126128538
subject1060,0.9234906210000273,0.46402042284438316,0.274917590287339
subject1061,0.23772989311118164,0.9126515045852993,0.5598058931655728
subject1062,0.2739147824622138,0.8197582156770928,0.8083609659676512
subject1063,0.43427088555291415,0.3481659059805443,0.9101356098863721
subject1064,0.18107066064942157,0.1966587759427918,0.5806710675028682
subject1065,0.7280092150957065,0.018665242710628194,0.42928834000686555
subject1066,0.8226297839767583,0.5024926657593026,0.7848919219221864
subject1067,0.25637372048945717,0.41159510098660745,0.05523415645395657
subject1068,0.6360714118392541,0.9917180097663325,0.430479895261352
subject1069,0.2288230900250684,0.12489604234512797,0.5959060536945895
subject1070,0.21934332479102536,0.2585099883130775,0.67763651035236
subject1071,0.40351156899661444,0.6715142080902919,0.129864399062247
subject1072,0.7427568696906374,0.8646948924810738,0.6611765712633141
subject1073,0.9565651126291291,0.2084190809837504,0.5705650444162913
subject1074,0.43250062755724483,0.1715199891122875,0.1810504373781714
subject1075,0.0716896892209371,0.6155397487504235,0.518247201716322
subject1076,0.8832947477457749,0.8622542740069554,0.38849396731579855
subject1077,0.6007289582752237,0.3192397611538842,0.6434482300389862
subject1078,0.004323882771627763,0.5716267170787288,0.7536519478097258
subject1079,0.3896173965211088,0.740829192269847,0.7560114225734339
subject1080,0.5832389761250143,0.6504661261415412,0.5210794413565226
subject1081,0.13526823125106846,0.2660441234748885,0.0264106030462542
subject1082,0.7521795074418653,0.6572778767560494,0.14970471321064505
subject1083,0.6147875020413578,0.5386640120944212,0.6155857068013358
subject1084,0.6739971171084206,0.44328574775424723,0.011742495458650137
subject1085,0.19609099383452389,0.446569617031747,0.3637039009704329
subject1086,0.27710878362234437,0.5721936441619537,0.9591762338525469
subject1087,0.6296758476565028,0.017884183031811274,0.8919928275240088
subject1088,0.09941323769779109,0.5619044017311895,0.8879478969842012
subject1089,0.751542107326412,0.2662407093500656,0.9172778055258503
subject1090,0.19914631962099827,0.5200404068292951,0.44827020652907634
subject1091,0.952702732218871,0.6346540714608804,0.9328900723920742
subject1092,0.9018668661832275,0.6360538108477685,0.5038980069232775
subject1093,0.3483286278335902,0.18651278074876154,0.33252264484861904
subject1094,0.9351290053467753,0.5078617038077303,0.42567416238980804
subject1095,0.0729363394808753,0.7954378598619821,0.9724206560140443
subject1096,0.7331707527193393,0.21704711116769448,0.4050118907060656
subject1097,0.7761798106021123,0.3965858390972181,0.11928273954079716
subject1098,0.5172805894701481,0.2525697314130857,0.043054830522833876
subject1099,0.8863583285934958,0.1295080881861257,0.4555137175197991
subject1100,0.25847603910114436,0.7571940518947763,0.8170708443796988
subject1101,0.7759247731680188,0.7986801122855025,0.37194528657345594
subject1102,0.5660149791230459,0.3791237998398722,0.07785184824932756
subject1103,0.8981990231355655,0.26490775393380583,0.870127894788628
subject1104,0.10880244805818251,0.222566099126006,0.2412696394727878
subject1105,0.5361517561954551,0.6268455696205076,0.17093748159446953
subject1106,0.15971300853587667,0.769695586355318,0.5978191973661131
subject1107,0.11075802925979572,0.9954646739098638,0.6550878194993512
subject1108,0.6634883435422375,0.6200731641371375,0.19830758847281849
subject1109,0.3412140142839686,0.652372302801559,0.48979946360763227
subject1110,0.9511330449859975,0.2750128964233468,0.9401351648734043
subject1111,0.9055073861513153,0.5209464204112821,0.7507261313273523
subject1112,0.6530227452655052,0.6275993347193288,0.5334667799090381
subject1113,0.5136721063198989,0.49409434862257273,0.7181929230230356
subject1114,0.3514290988100732,0.8298725529652261,0.43041561862668043
subject1115,0.6668092184874643,0.5897798691346436,0.5139511870494156
subject1116,0.26093594450299573,0.6738265211072784,0.10611266178183898
subject1117,0.9517090794617424,0.05628321210729048,0.5881391076387953
subject1118,0.27715347581418104,0.2145742959546576,0.5760758341670232
subject1119,0.054271295683455456,0.5800230257049837,0.4684641418795069
subject1120,0.959912608129244,0.15811076649667422,0.12519510266332368
subject1121,0.49957028144489,0.54970520461452,0.9999544220951242
subject1122,0.2766706703553925,0.9672268295172585,0.8169862522751117
subject1123,0.18159614856618211,0.9891888667659782,0.6761777104144517
subject1124,0.9280161739984191,0.35718599295856845,0.07934897252121675
subject1125,0.22956519743632142,0.7466140257774283,0.9297349637715262
subject1126,0.4950007392527269,0.27693756798335123,0.8489740847106804
subject1127,0.1673935308109592,0.15191209835365183,0.3898899486423434
subject1128,0.2748361938798515,0.8737887494794365,0.2274848590810309
subject1129,0.1984630398391003,0.8797793992882331,0.4995525612692202
subject1130,0.5709605912281074,0.787084134580341,0.6441967545196636
subject1131,0.8619316370409321,0.8267240742031811,0.784409890845499
subject1132,0.8869959762960332,0.39469591691040784,0.366509331224932
subject1133,0.07689992375854038,0.7494737440579147,0.45817797284407036
subject1134,0.8224248033877775,0.9469147078445868,0.27548577134621477
subject1135,0.6599190669238882,0.4598624538952226,0.17134748629908236
subject1136,0.4429762109967098,0.097045231239829,0.14525279724702822
subject1137,0.02497341618402482,0.6494053333478409,0.7323152369741595
subject1138,0.31395357163169124,0.8257223827570416,0.3810847302215623
subject1139,0.703347560306378,0.2586386548491084,0.3122835214808204
subject1140,0.8100391560377881,0.3074775281744826,0.9360859085860755
subject1141,0.5931225587921385,0.38146512236451013,0.9544542347129291
subject1142,0.8569277184250393,0.004338641645923236,0.8620959014150881
subject1143,0.5654567612644261,0.5475305308964447,0.9433136128643181
subject1144,0.6965633907096069,0.5977660368645321,0.19271756001269436
subject1145,0.23222222640952805,0.05146138306650094,0.42121395033976594
subject1146,0.7156533645986909,0.6637507762298366,0.3007955716875842
subject1147,0.0471835388703874,0.07558382438315459,0.0829651138972336
subject1148,0.6930989023749943,0.00488359162135954,0.5505129385626994
subject1149,0.8970639445243673,0.7376659537570552,0.8457152349151318
subject1150,0.31149278846816353,0.6614160965739724,0.30581935594460197
subject1151,0.1540548037502304,0.31478206814651455,0.4856140458305287
subject1152,0.9563619182978108,0.8379276655597244,0.5538191516136297
subject1153,0.5130184396455834,0.8856588461482344,0.07589251001723363
subject1154,0.9866810061817458,0.6097486310560762,0.05871548215336875
subject1155,0.33331698478542804,0.13123453192800705,0.018334678516551683
subject1156,0.25135708956271374,0.6348087466769874,0.1755141648566504
subject1157,0.0734672737815345,0.8959028895239299,0.9413613976312856
subject1158,0.41281271100627515,0.0884212182383276,0.3750609987765713
subject1159,0.35312515012509926,0.6206233405739676,0.2916944974865925
subject1160,0.4108881520762586,0.7817820081393135,0.24337021357033173
subject1161,0.7242573786727297,0.9533224489572001,0.7188442495727162
subject1162,0.5357006091642151,0.9049582514430881,0.9930725367973398
subject1163,0.4776590778182441,0.561504208707836,0.7823574069222395
subject1164,0.7361045629460259,0.32186418565381114,0.4085206328744121
subject1165,0.3612986469615672,0.6558959701291945,0.6614585357350263
subject1166,0.7702381888469025,0.41161532755137653,0.4723791690477006
subject1167,0.6468314327813384,0.5756885328185612,0.7042378809384325
subject1168,0.9076135846487122,0.8328291724533953,0.4280357724388212
subject1169,0.5322151300173437,0.814113351007699,0.8610650956167417
subject1170,0.9957670661823262,0.06015914513497411,0.6926421158739436
subject1171,0.13931540962416578,0.9635834040176182,0.7417920685875434
subject1172,0.6424931072549024,0.9885362524455175,0.6575578164416206
subject1173,0.06424989827165473,0.03597619452046508,0.12951401061897017
subject1174,0.358328598366078,0.387034680584991,0.08161459844090013
subject1175,0.4628191460589889,0.20610991549111024,0.0836458454397686
subject1176,0.6869042024008497,0.7953694988106494,0.8763151623220515
subject1177,0.4732046259237527,0.19733437726377134,0.9221627327277456
subject1178,0.5500756920296368,0.7883752901322527,0.631811970032638
subject1179,0.4079922615906819,0.060051779725756815,0.9304920683347925
subject1180,0.70684660571507,0.9321681340587812,0.6145708117679671
subject1181,0.671113840737149,0.12717712820080707,0.881707874918268
subject1182,0.15969030419331864,0.4351280225675904,0.6969016796252375
subject1183,0.20798380843200526,0.7887001822310209,0.3554092947168517
subject1184,0.814428847742258,0.9350642791680297,0.3677797381540453
subject1185,0.46846966830788694,0.6998566291162138,0.18543184330649243
subject1186,0.3280788528217561,0.4365321897333361,0.04813537170480786
subject1187,0.3997443559938215,0.8366174660494886,0.9151425628272668
subject1188,0.6389767029353424,0.7311038702348719,0.6478492669701545
subject1189,0.8814304055171798,0.5923004293324029,0.4096861870280817
subject1190,0.6190568782551684,0.30322312521693207,0.9810543672999159
subject1191,0.3398193726684665,0.5075104489202176,0.5391620531140517
subject1192,0.379560029646682,0.8042791985021749,0.5968554346530839
subject1193,0.22943188470237208,0.30679666100908076,0.44471716190973565
subject1194,0.09652954026672611,0.4980846439886535,0.32133389294661774
subject1195,0.899053007164491,0.6296513579089489,0.5253040074686108
subject1196,0.35538070706761304,0.27124754574790866,0.7353380271342208
subject1197,0.47091358708137043,0.5903027651643153,0.820623486034113
subject1198,0.6231820160313531,0.5078866868820142,0.8257033756243342
subject1199,0.12585941301027215,0.10176150164727293,0.9802082647076111
subject1200,0.2701335257808324,0.2556340591797235,0.7629702828059266
subject1201,0.18237305922382918,0.3572791083553696,0.06496717423435927
subject1202,0.1950159710714251,0.3613214681060767,0.7722597821484133
subject1203,0.5642163754365733,0.6319843172739733,0.03744095096351607
subject1204,0.6766305120958359,0.32936067445709727,0.8830907546959968
subject1205,0.09148122567876638,0.8686632809728377,0.33179670854815135
subject1206,0.2612587996791378,0.8738711347263618,0.48203180172430804
subject1207,0.28080554147858827,0.9440592276071958,0.7763920288400122
subject1208,0.7660987137418347,0.8828575152862626,0.4543414039556122
subject1209,0.8894475730495072,0.14591568519573106,0.12847092340502586
subject1210,0.12792860382362115,0.8693903473831883,0.8962734009445383
subject1211,0.8265775978989975,0.7889936442256743,0.4931051275015156
subject1212,0.971207281443204,0.6326966359815515,0.6332756076813734
subject1213,0.26753582719064406,0.08243894490038228,0.8137488764323817
subject1214,0.3507776733063921,0.6802028824914156,0.8314724128560709
subject1215,0.9930881234361424,0.01542841239811188,0.8276151528657739
subject1216,0.8582635339112588,0.42815555193150245,0.6051962914486488
subject1217,0.5290520841767636,0.18315458263773743,0.0052864798753806674
subject1218,0.2801174009984103,0.3537070094595609,0.9405123995359213
subject1219,0.7466923229647083,0.20278869087159046,0.08971933708962443
subject1220,0.14717701272861217,0.2809747714959101,0.6354704999755612
subject1221,0.07850733121219655,0.8474997662557036,0.8959262903590279
subject1222,0.7186956566547869,0.37487427173382515,0.25800011371019493
subject1223,0.38432709549581456,0.5889004611741145,0.42586919459580597
subject1224,0.29204556327923925,0.2616284238083023,0.03252410668428174
subject1225,0.36605818219194386,0.339824725862202,0.849826509491671
subject1226,0.010369619900590599,0.9510611619229317,0.48321410770926043
subject1227,0.4350527618780008,0.05142519222110953,0.605564308028929
subject1228,0.3705277498074083,0.9940436376334755,0.3921084720421808
subject1229,0.8630185931236305,0.24910482428620861,0.25377625825063865
subject1230,0.15925665182188853,0.7739807052380417,0.6208637790838772
subject1231,0.3894910461015534,0.8165332013969995,0.5970642349004428
subject1232,0.2078945484286634,0.4888235504425802,0.7675791136981566
subject1233,0.36844400862673987,0.5322761050877052,0.2916194979116483
subject1234,0.3267926688053643,0.6648766019805712,0.2269843282820151
subject1235,0.5376760451946675,0.5473587601426187,0.49678867749452316
subject1236,0.011968198249534323,0.6349548587508891,0.3138301880622224
subject1237,0.442879688169602,0.915616792173166,0.8823291921048327
subject1238,0.05694040177347037,0.8468657335366198,0.7428599254048149
subject1239,0.5642368512543936,0.918909537986048,0.06333422867548122
subject1240,0.09520410366072374,0.15094501055333065,0.902924167444178
subject1241,0.34276330915757747,0.7917970285600241,0.782385447024477
subject1242,0.24424902065964016,0.7248831880892095,0.8169460603015978
subject1243,0.44284824435312553,0.7477271875906403,0.4587806112956966
subject1244,0.8695702702764421,0.4131209122382553,0.5113659006247618
subject1245,0.20782154350842563,0.055164585707006886,0.599336713675672
subject1246,0.5508557069362006,0.07923457762914565,0.47414736001418756
subject1247,0.5699801197514393,0.03959319323804744,0.4263006030700086
subject1248,0.34002622330292875,0.023382188764125456,0.3939630420983433
subject1249,0.2663230731167928,0.11909741639955951,0.6003753632271269
subject1250,0.4279719784722551,0.134343041315392,0.30296524539658787
subject1251,0.0845596477613546,0.6032441702601152,0.14464089809185365
subject1252,0.5640184978410236,0.6118868497053304,0.8175116013220657
subject1253,0.8190780507918533,0.4934277721328745,0.9311092972360314
subject1254,0.4162072184474016,0.7707316856367664,0.1944760539731094
subject1255,0.10926820638191292,0.12259239731282612,0.2434063758436582
subject1256,0.329336259381264,0.6798928457157001,0.17867418879689723
subject1257,0.6513726366340625,0.44300153684374866,0.0417842105011188
subject1258,0.39344332763407663,0.6758481279367161,0.5016736169196633
subject1259,0.5034563412786986,0.39923308143047886,0.0026376594172301537
subject1260,0.19507954582340703,0.6851336984397727,0.9052839704527469
subject1261,0.8235790582071606,0.9975798129755835,0.22738293528076414
subject1262,0.4585686461462338,0.0956163410713583,0.6543119552551664
subject1263,0.21842794878560945,0.8681779094497928,0.37424486087841247
subject1264,0.9928899483398231,0.08382298115606013,0.22316615498962
subject1265,0.9266459135371579,0.8334850360127957,0.772756456902109
subject1266,0.677332761394563,0.5656930053240181,0.1381271165857122
subject1267,0.3662895069734492,0.9889691389444814,0.540577713704279
subject1268,0.759489989110026,0.6827872887117113,0.950001449661209
subject1269,0.3568208962737506,0.8837252957983414,0.6501432086207639
subject1270,0.907233795019817,0.8573709664419068,0.14841280839941773
subject1271,0.14490875833713268,0.7106274751178292,0.20387438171808825
subject1272,0.15049291525896957,0.18056537294112152,0.01322521030321977
subject1273,0.17894333766706882,0.2574681257966661,0.13616185664955072
subject1274,0.4183027620533142,0.1558916732134915,0.002379593256064183
subject1275,0.33700681340940186,0.9961364824550155,0.6453687441030003
subject1276,0.13722803467581102,0.3223092558983712,0.2480934433381955
subject1277,0.13988370527927252,0.830186275413856,0.5572819670320266
subject1278,0.589418409100289,0.4985332125660009,0.10642946902414441
subject1279,0.4122025839319863,0.48801047983910395,0.8575125796405508
subject1280,0.007111697662262828,0.680604932209398,0.4938407849594644
subject1281,0.22928467670067365,0.22223314505480474,0.714610374763731
subject1282,0.3236010943188413,0.3843116011634723,0.6664372838234737
subject1283,0.2676731205746813,0.9887011808963142,0.7052451804048167
subject1284,0.6520133959793807,0.3591183398966654,0.20014863829754836
subject1285,0.1632006795338692,0.5878161150718144,0.20748378807315093
subject1286,0.8125476390043221,0.8202877566594867,0.8100304399603765
subject1287,0.5291672174428926,0.4020856349324058,0.7429092102982789
subject1288,0.9755523201451503,0.35598634729181067,0.143678442864695
subject1289,0.8047257326487306,0.6439314948310877,0.09019413527509124
subject1290,0.023165416886010926,0.32915635662801535,0.3642549876546103
subject1291,0.8240098947640022,0.07811620241337625,0.8530456848257323
subject1292,0.6745252683393979,0.8620392264992401,0.07360864258832622
subject1293,0.9764575165554658,0.7738757533834202,0.2761750785871938
subject1294,0.613494620868054,0.32999728235311765,0.5928795791513045
subject1295,0.9914835736345148,0.22686733808175896,0.23814631737957526
subject1296,0.16436530489203938,0.4321500752358137,0.2021117769724703
subject1297,0.12491280407700012,0.5216498149609401,0.37091912762415014
subject1298,0.041000915878705135,0.9834836335627284,0.5906700568354408
subject1299,0.5766009231220741,0.3786386430445452,0.44836867066883335
subject1300,0.6496263038121822,0.7037402283811182,0.7754822747871317
subject1301,0.27930914404028573,0.22277166055415631,0.4656518566377389
subject1302,0.5286710937235988,0.6666220910501046,0.4606500270175965
subject1303,0.7334670692880535,0.12556159990374893,0.30480781447325034
subject1304,0.5145905661849395,0.7650788865954751,0.4680290761942105
subject1305,0.9081728443309655,0.8147028388370554,0.6187416120362552
subject1306,0.6889776790708964,0.6189809778988093,0.6049669770564334
subject1307,0.44956131285042344,0.19758602600473119,0.17740000899916963
subject1308,0.9626727476261145,0.9993590977705213,0.8971590858280395
subject1309,0.17744503611343798,0.7137504350380066,0.17613433873052076
subject1310,0.9308336521335063,0.6456920422094996,0.9411302419803703
subject1311,0.46781412041716197,0.2543739825788166,0.28382889416040114
subject1312,0.19118174944440636,0.441013712209401,0.11553956657948417
subject1313,0.37005304368255443,0.35550340859487306,0.9452895657718671
subject1314,0.7592371506415527,0.5809117499123244,0.1617062687416787
subject1315,0.8741354000525708,0.6436034166924816,0.23645202009237354
subject1316,0.7450484457407291,0.4333186629998632,0.18794214173932744
subject1317,0.5160683174655081,0.49608798185965775,0.8045420212562763
subject1318,0.4329010603253918,0.6296581571522715,0.7779422198207003
subject1319,0.15119562523962293,0.5602645810372453,0.5533469688632606
subject1320,0.1618861239632503,0.38430556833892726,0.8127461494284282
subject1321,0.2931584416261397,0.6950098147913397,0.509082349566959
subject1322,0.8738279957721751,0.21496982117128416,0.8525539094769757
subject1323,0.9844324875009891,0.1608018547658685,0.18241129177430448
subject1324,0.45372910274566436,0.1220709926001875,0.40728654056677915
subject1325,0.00022234792638808898,0.0021134986130416644,0.21223647025790715
subject1326,0.620246264354314,0.8407843034597615,0.12853033282396475
subject1327,0.5959319170461944,0.8628125037647623,0.05571529761062799
subject1328,0.6731900544087351,0.777725755613245,0.5755954708380805
subject1329,0.6576025567230197,0.722665921824633,0.17015408482959926
subject1330,0.279057294083473,0.5355079415628838,0.897719324734975
subject1331,0.008430042054612952,0.9187564912434505,0.07950934426387413
subject1332,0.38898678813381515,0.5156271871471756,0.3919870655328834
subject1333,0.20974916925608766,0.9499662682969555,0.05696439595749503
subject1334,0.712282999393623,0.3676047118423179,0.0514289936880965
subject1335,0.24682634325183128,0.7482237073244866,0.9869529870322107
subject1336,0.41847159981941373,0.8313820433568908,0.3825214438374275
subject1337,0.8112942458991782,0.49916345500515047,0.7140417675121583
subject1338,0.036603272711107415,0.2636118967951985,0.49894034997419423
subject1339,0.30247275825729003,0.9151068790095448,0.6524208156182929
subject1340,0.5074600811252036,0.5577652557089247,0.7002924187641958
subject1341,0.1437001574001633,0.8366334023639225,0.2030040330275643
subject1342,0.7317588186963897,0.9838930962707484,0.14519778337256684
subject1343,0.5456991137761203,0.5549824806593423,0.37076471549378753
subject1344,0.31635925137509013,0.1993814434476633,0.23190246940683334
subject1345,0.7154442651531014,0.611999584405082,0.728259586203679
subject1346,0.4289840664665232,0.331280280036659,0.9183687242561464
subject1347,0.7622107294033083,0.6917541116289958,0.043915033455576236
subject1348,0.7900162171211925,0.10661176326047128,0.19024039650073343
subject1349,0.210319529089105,0.6760775142728727,0.3566973240016468
subject1350,0.016339912599403594,0.5022211457678503,0.880906466429734
subject1351,0.36918666152397384,0.5321794190279473,0.23643971309540845
subject1352,0.42319628068198467,0.09101801649297514,0.9819601729549862
subject1353,0.6300604261882313,0.8484712660884296,0.08441487944993431
subject1354,0.8886315146222435,0.78693971859575,0.5253522099783327
subject1355,0.23253341391884452,0.06879169332591384,0.573903117440486
subject1356,0.9115273487322848,0.9308872423901271,0.9366032209140762
subject1357,0.9726118908336597,0.6883894978918355,0.23928364940255087
subject1358,0.1022805105838368,0.9729724639256041,0.2823180948254024
subject1359,0.38738809346795,0.4661677997261444,0.3117471647912652
subject1360,0.5883413282761216,0.6478654589568473,0.27031426899396027
subject1361,0.9729452559965895,0.457844611304987,0.9219520100489229
subject1362,0.8580548170796952,0.38156758197726715,0.3880712716393929
subject1363,0.6976711431783086,0.7528140809963294,0.19922790962714287
subject1364,0.6833521333466313,0.21137803930245058,0.9352452215153476
subject1365,0.21700873111752572,0.2008652577191853,0.9327060868048712
subject1366,0.9450043529545599,0.8963207774449385,0.8235757881010085
subject1367,0.4117767712585432,0.5327223448865479,0.03265660152118843
subject1368,0.1138019177148093,0.9443568329429257,0.06668997965531465
subject1369,0.6964424259093385,0.762417302787185,0.9697884697838005
subject1370,0.37945547482399666,0.4677429299442467,0.4534394040109836
subject1371,0.07394158056058975,0.524150265805929,0.8066810653133898
subject1372,0.3638692770980495,0.4763328378374536,0.2637598760299982
subject1373,0.15317594253732358,0.2983834031072097,0.4314700752448404
subject1374,0.4182673168474529,0.31410213660784203,0.7277968398189577
subject1375,0.7987785826740754,0.36671048113836513,0.3457467415792175
subject1376,0.14376814733025078,0.2806252745870189,0.47293224894652086
subject1377,0.21364205680311799,0.13322545342894887,0.3985426410583166
subject1378,0.5159312488968256,0.8477016747151955,0.008857954863879414
subject1379,0.7791698997787383,0.20775144524439293,0.16287688270338196
subject1380,0.6440597982194928,0.8917706372887908,0.7995942276965985
subject1381,0.7669858803811456,0.08063129613565512,0.24202588616126752
subject1382,0.5267015121168405,0.49945545726492346,0.5792327426035044
subject1383,0.30595579472823486,0.24319711064408445,0.6875810829267343
subject1384,0.31898644377622776,0.727102352804678,0.5993663406753722
subject1385,0.6518821342306605,0.1478974195538474,0.7456733252185103
subject1386,0.43750079760231453,0.16185910980645302,0.40266624658881733
subject1387,0.8884770281475474,0.11226541630701536,0.259330578892764
subject1388,0.34323866347771204,0.8800366678543173,0.8618950691820473
subject1389,0.3214715372248943,0.22889943269933544,0.7770013262572063
subject1390,0.9010964843287448,0.492485828700718,0.4591392824082955
subject1391,0.7439109739865515,0.4411897391678149,0.6796254798596373
subject1392,0.4543073486426814,0.6690744286247564,0.9817648972827787
subject1393,0.16259991787810046,0.5847189914919193,0.4988276417186387
subject1394,0.7410043375599229,0.7869269778968007,0.5768899616767241
subject1395,0.42110369462749,0.13304764674632985,0.6903664383217362
subject1396,0.7009977564076328,0.030426249027274532,0.6111069463477933
subject1397,0.862260997582897,0.8839211380285101,0.21646079697773568
subject1398,0.2647374664228157,0.7759436076947498,0.9967322990810977
subject1399,0.3319711624623881,0.9404339738443719,0.314704350863665
subject1400,0.22173690897978593,0.8303945364428388,0.6675098005828505
subject1401,0.7583881951048645,0.0300117746284686,0.9697863501257795
subject1402,0.49169271903458733,0.23426756425966133,0.511271735018671
subject1403,0.5634941591351837,0.6818714625044344,0.48427619455836357
subject1404,0.7703943699391751,0.7220866025922966,0.10164247154958717
subject1405,0.7935210180751591,0.5160571733185424,0.05373596409781778
subject1406,0.15063184191073908,0.4239932075133791,0.3801830419848121
subject1407,0.961154172313798,0.8248008832517089,0.7935644267449043
subject1408,0.6344221936306502,0.7202480142960155,0.3317034654747555
subject1409,0.6277439185729367,0.9376630843487797,0.36559911161455894
subject1410,0.864532635261049,0.3977626688548688,0.3340810906688525
subject1411,0.5651845470417987,0.959783380552876,0.09411274728630248
subject1412,0.3792300021534395,0.2975569245742177,0.7529812387287287
subject1413,0.5996851732214151,0.41356205129587986,0.30213439946585063
subject1414,0.9499846956268067,0.011570195282672224,0.8899510298842824
subject1415,0.18443649010364138,0.4562846360123026,0.8781493776625778
subject1416,0.7326823032468649,0.10302912884209436,0.0765059084456271
subject1417,0.15570632348219304,0.3450867441142509,0.32216444933428956
subject1418,0.49681917905734285,0.8987900734941722,0.27497074073059924
subject1419,0.790867783286873,0.5589111563995187,0.10425501368670609
subject1420,0.8581175101867403,0.49466983543453613,0.904492053607595
subject1421,0.15379878898667898,0.6118441869317248,0.005608176194071279
subject1422,0.24340313774494715,0.2963450947200802,0.39197231756008155
subject1423,0.4976650430017091,0.6382833858551199,0.5807917686462056
subject1424,0.5928869935876396,0.31296283001452985,0.7733961383527475
subject1425,0.896860183069856,0.8326208231526518,0.5689625172429864
subject1426,0.32464365451233745,0.012511137730241706,0.7017435291469838
subject1427,0.3837109421035002,0.3471742395931877,0.047437072651926315
subject1428,0.910063187042338,0.9134132116960527,0.9674252442015855
subject1429,0.8384532378329713,0.72692544392993,0.5747455859420036
subject1430,0.12755915520942374,0.7373957350547453,0.32828603489967456
subject1431,0.33198346459988437,0.3880014179307346,0.9826715609283616
subject1432,0.015979957065600514,0.6241489563053294,0.07147749190493902
subject1433,0.12355171715759738,0.7020083054639147,0.5963825183774747
subject1434,0.25630020392779074,0.9125014143570347,0.10809522497290203
subject1435,0.3662910744609825,0.6826862140493858,0.6719121153616721
subject1436,0.16984607619183079,0.447765364398668,0.3873736690265822
subject1437,0.5816301878020032,0.5514464869292831,0.09708843966576808
subject1438,0.4611750921693347,0.9166443008476658,0.4590772240962743
subject1439,0.7143362129598609,0.032541128675071196,0.600269332486063
subject1440,0.03296935903406162,0.9111746115982862,0.3764791580972473
subject1441,0.5919421440803988,0.7277285796374434,0.5133767216314827
subject1442,0.11913556307890427,0.6978639818367085,0.5588270488747275
subject1443,0.05095866591410281,0.28134994807723157,0.35999059102644515
subject1444,0.8426219172250117,0.39884663769246753,0.08675186540400504
subject1445,0.5232309154056188,0.2997456513062654,0.4507830235075537
subject1446,0.9128326365846718,0.21205180295409287,0.9439250796437894
subject1447,0.3691786938823376,0.010687999259283654,0.5342896940518564
subject1448,0.5542527482310767,0.3747228225352318,0.14049290096284228
subject1449,0.6551045454374808,0.9110335376349602,0.2457364464141033
subject1450,0.376790839213473,0.22459073621469017,0.11152836587721926
subject1451,0.5650798148677124,0.7574023040033638,0.11606098450323654
subject1452,0.5703564290574985,0.776979440710779,0.9585341702681379
subject1453,0.26847600053938725,0.7065558266839486,0.9131572653035193
subject1454,0.20060315351726776,0.7828727337331867,0.01313791194714553
subject1455,0.20232404447373786,0.5761626662340904,0.678473999182766
subject1456,0.07003003897522264,0.27048763404015097,0.1755102464687931
subject1457,0.7032490693577718,0.09854352179830894,0.4270692681267254
subject1458,0.04710453853802832,0.4223516013706484,0.9340226436522994
subject1459,0.2693052378375046,0.4322696459669454,0.9257433866816708
subject1460,0.5396049055260215,0.700715869102463,0.839587329703808
subject1461,0.9091055724834585,0.04529735507460564,0.9022492035552439
subject1462,0.32353102401959677,0.9953927557229713,0.5769523710765975
subject1463,0.5040175853786142,0.9761572786711741,0.22625242859532924
subject1464,0.34678084073928195,0.7052574925481072,0.19087594514604367
subject1465,0.6042434487836881,0.08646332236558218,0.9436825024679489
subject1466,0.13030727754074234,0.49310021450026087,0.5468419510639011
subject1467,0.5466422381435938,0.8552442796359702,0.9336122058064973
subject1468,0.26975098901499084,0.6025396989650399,0.8387461182927288
subject1469,0.22439333660015448,0.029571934615354123,0.740730335820745
subject1470,0.6260127882524856,0.3246121575238412,0.14063729921945944
subject1471,0.41688315358571304,0.8693122219379694,0.7465643152272775
subject1472,0.5241387710875656,0.8924491208416924,0.08639733249186021
subject1473,0.6639776867128554,0.058532339682946466,0.7314699721573331
subject1474,0.37618329165724673,0.9582149080643885,0.07992727907421415
subject1475,0.1779278590967701,0.5272903647660198,0.6269459843865429
subject1476,0.2633249272336782,0.2700429079224892,0.5478138540983182
subject1477,0.47827055070927604,0.27308633020248574,0.5058007482045793
subject1478,0.26243338998157073,0.1506968192760164,0.7403996046188519
subject1479,0.21546407777286924,0.5759610811116184,0.29520153656463866
subject1480,0.848145223238122,0.29254715170358336,0.34810655899746634
subject1481,0.15782546783008233,0.4553151706786781,0.9786419031287029
subject1482,0.4167898768925574,0.808115045843629,0.4104132708494339
subject1483,0.03373273710521674,0.19775830518570892,0.8477161864515902
subject1484,0.6253753720458295,0.1525955838869799,0.5321059447465807
subject1485,0.8961065778446674,0.4150030433845636,0.4998275423515349
subject1486,0.9310112360536255,0.33694435245965004,0.9061079430247229
subject1487,0.6594587271870501,0.2534517201829529,0.12735640605206522
subject1488,0.5030072460149136,0.4623736670837614,0.129087117967983
subject1489,0.06425391928052682,0.37637843543669713,0.8159158825233556
subject1490,0.8212914461885963,0.1554531201383581,0.7395211540273515
subject1491,0.8866317635970904,0.7079906181624431,0.9313292562454342
subject1492,0.6242125071520175,0.7135427461802819,0.061353865520472284
subject1493,0.17572591866364784,0.5280279423255204,0.7438689524301355
subject1494,0.14581519983684532,0.7534642969647766,0.22939382118596197
subject1495,0.3134683041502653,0.28880274104501524,0.9930949289193741
subject1496,0.6720197618500122,0.4738158585187118,0.19709771006791843
subject1497,0.3022130230476131,0.9198773538531488,0.9888194247129768
subject1498,0.3996042386131152,0.6139427710445715,0.5223556479483142
subject1499,0.8306054942337983,0.8587501365456223,0.3382440837378118
